Product,Category,Date,Price,Discount,Current_Stock,Lead_Time,Season,Demand
Gaming Keyboard,Gaming,2025-04-25,7001,20,449,9,Summer,128
Wireless Mouse,Accessories,2025-01-26,788,10,418,5,Winter,170
Laptop,Electronics,2025-10-09,44481,20,402,7,Monsoon,104
Wireless Mouse,Accessories,2025-09-08,1177,5,184,2,Winter,134
Wireless Mouse,Accessories,2025-08-17,332,10,225,5,Summer,166
External Hard Drive,Storage,2025-05-23,8354,5,250,9,Summer,107
Wireless Mouse,Accessories,2025-04-15,1159,5,95,5,Winter,126
Gaming Keyboard,Gaming,2026-07-13,6848,20,165,10,Monsoon,106
Keyboard,Accessories,2025-03-31,2095,10,491,2,Summer,100
Printer,Electronics,2026-08-28,16240,5,438,10,Winter,66
Headphones,Accessories,2026-03-09,4934,20,130,1,Winter,172
Smartphone,Electronics,2025-02-02,44914,5,439,5,Monsoon,63
Gaming Keyboard,Gaming,2025-01-31,6473,20,500,10,Winter,138
Headphones,Accessories,2025-04-06,2301,20,378,3,Winter,169
Headphones,Accessories,2025-08-12,2823,15,189,5,Monsoon,146
Printer,Electronics,2025-08-27,6384,20,190,1,Winter,116
Printer,Electronics,2026-06-02,18939,10,483,3,Winter,65
Monitor,Electronics,2026-09-09,24458,10,421,9,Winter,109
Wireless Mouse,Accessories,2025-01-28,1313,10,189,5,Monsoon,154
Smartphone,Electronics,2026-07-29,36203,0,455,4,Monsoon,60
Smartphone,Electronics,2025-07-23,11938,15,234,4,Summer,115
Headphones,Accessories,2026-07-13,4098,5,485,5,Monsoon,123
Headphones,Accessories,2026-03-06,1811,20,153,1,Summer,192
Smartphone,Electronics,2025-08-14,23315,5,432,3,Winter,86
Smartphone,Electronics,2026-04-05,19497,5,173,9,Winter,103
Keyboard,Accessories,2026-08-27,1343,10,324,4,Summer,112
Keyboard,Accessories,2025-10-12,1680,20,38,2,Monsoon,166
Gaming Keyboard,Gaming,2025-01-07,6343,15,361,2,Monsoon,106
External Hard Drive,Storage,2025-06-13,3053,5,134,8,Winter,101
Keyboard,Accessories,2026-03-09,1114,15,159,5,Summer,135
Headphones,Accessories,2025-12-15,3950,10,349,8,Summer,118
Headphones,Accessories,2025-10-12,2258,10,386,6,Monsoon,153
External Hard Drive,Storage,2025-06-09,7435,20,348,10,Monsoon,118
Headphones,Accessories,2025-08-09,1963,20,500,4,Monsoon,170
Gaming Keyboard,Gaming,2025-12-11,6562,15,308,7,Summer,106
Wireless Mouse,Accessories,2025-04-15,581,10,400,3,Winter,169
Smartphone,Electronics,2025-04-05,39596,0,298,5,Winter,89
Gaming Keyboard,Gaming,2026-01-25,6032,20,371,9,Monsoon,116
Laptop,Electronics,2025-04-10,67777,15,33,4,Winter,76
External Hard Drive,Storage,2026-01-03,8457,5,303,2,Summer,97
Printer,Electronics,2025-12-19,19890,20,350,9,Summer,97
Headphones,Accessories,2026-09-11,4728,20,377,7,Summer,133
External Hard Drive,Storage,2025-09-28,7283,15,481,8,Summer,118
Monitor,Electronics,2025-02-14,16364,0,207,3,Winter,95
Printer,Electronics,2026-04-16,10335,10,292,3,Monsoon,83
Laptop,Electronics,2026-07-04,62066,10,365,8,Monsoon,58
Printer,Electronics,2025-05-08,9178,20,166,9,Winter,116
Smartphone,Electronics,2026-01-23,15353,20,436,10,Winter,138
Printer,Electronics,2025-03-22,17347,15,262,4,Winter,84
Monitor,Electronics,2026-07-20,16923,0,448,9,Monsoon,49
Wireless Mouse,Accessories,2025-10-28,314,0,78,4,Summer,152
External Hard Drive,Storage,2026-01-06,4607,15,307,8,Summer,123
Keyboard,Accessories,2026-08-15,1925,0,401,3,Summer,104
Printer,Electronics,2025-07-16,17242,5,490,8,Summer,64
Wireless Mouse,Accessories,2025-03-13,1447,10,361,2,Summer,133
Wireless Mouse,Accessories,2025-02-16,1021,20,288,4,Winter,152
Printer,Electronics,2025-08-22,7752,10,408,7,Summer,84
Gaming Keyboard,Gaming,2025-10-24,7673,15,172,2,Summer,116
External Hard Drive,Storage,2025-03-23,6266,0,479,10,Monsoon,72
Smartphone,Electronics,2025-08-27,10690,10,144,3,Monsoon,91
Printer,Electronics,2025-04-14,5249,0,276,10,Monsoon,79
Wireless Mouse,Accessories,2026-01-25,1389,5,47,7,Summer,121
Keyboard,Accessories,2025-10-12,1624,5,153,9,Winter,108
Smartphone,Electronics,2026-04-10,32740,0,246,9,Summer,90
Printer,Electronics,2026-01-09,9710,20,228,2,Summer,121
Wireless Mouse,Accessories,2025-06-16,961,5,313,5,Winter,137
Smartphone,Electronics,2026-01-15,39341,0,125,5,Summer,90
Smartphone,Electronics,2025-12-30,18386,20,315,6,Monsoon,125
External Hard Drive,Storage,2025-08-03,5943,0,207,4,Summer,89
Gaming Keyboard,Gaming,2025-10-01,5596,10,293,10,Winter,104
Keyboard,Accessories,2025-03-15,2889,0,213,1,Monsoon,90
Smartphone,Electronics,2025-06-25,46122,20,269,5,Winter,105
Headphones,Accessories,2026-07-01,4362,0,455,3,Summer,97
Smartphone,Electronics,2025-09-08,14676,0,286,6,Summer,87
Smartphone,Electronics,2025-06-17,26673,0,305,5,Monsoon,88
Laptop,Electronics,2026-04-19,76926,10,94,8,Winter,87
Keyboard,Accessories,2026-01-24,1652,5,416,10,Monsoon,127
Keyboard,Accessories,2025-10-04,2759,10,152,4,Monsoon,85
Printer,Electronics,2026-07-25,7487,0,427,3,Summer,71
Laptop,Electronics,2025-08-13,59702,15,318,1,Summer,84
Printer,Electronics,2025-11-29,19348,15,268,5,Winter,78
External Hard Drive,Storage,2025-02-27,9975,10,283,3,Winter,107
Gaming Keyboard,Gaming,2025-08-23,3252,20,66,3,Monsoon,108
External Hard Drive,Storage,2025-02-02,3646,5,355,10,Monsoon,86
Printer,Electronics,2025-11-20,10625,20,191,6,Winter,129
Monitor,Electronics,2026-02-15,20557,10,43,8,Summer,83
External Hard Drive,Storage,2025-10-02,6113,20,129,6,Winter,143
Smartphone,Electronics,2025-03-09,46190,0,407,3,Monsoon,73
Laptop,Electronics,2025-08-05,68526,0,378,2,Summer,42
Wireless Mouse,Accessories,2026-08-04,957,0,469,7,Summer,116
Printer,Electronics,2025-11-19,9841,20,69,5,Monsoon,102
Headphones,Accessories,2025-08-06,4665,0,263,8,Winter,109
Wireless Mouse,Accessories,2026-05-27,569,0,241,3,Monsoon,148
Keyboard,Accessories,2026-02-10,2354,15,410,1,Winter,150
Headphones,Accessories,2026-04-15,1840,10,319,7,Monsoon,148
Gaming Keyboard,Gaming,2025-05-27,7705,20,299,5,Winter,113
Wireless Mouse,Accessories,2025-09-29,401,20,373,7,Summer,163
Headphones,Accessories,2025-05-23,2277,0,264,10,Summer,121
Headphones,Accessories,2025-09-10,3793,20,229,2,Monsoon,145
Printer,Electronics,2026-07-29,6740,20,63,9,Summer,120
Monitor,Electronics,2026-07-06,17608,15,388,6,Winter,101
Smartphone,Electronics,2025-09-27,35577,0,310,6,Monsoon,84
External Hard Drive,Storage,2026-08-22,7294,0,193,5,Summer,93
Wireless Mouse,Accessories,2026-03-15,1084,15,33,2,Winter,140
Laptop,Electronics,2026-08-21,79925,20,247,8,Summer,63
Printer,Electronics,2026-02-13,19393,15,191,3,Winter,108
Gaming Keyboard,Gaming,2026-01-06,3497,20,374,1,Monsoon,135
Keyboard,Accessories,2025-08-13,1429,5,317,4,Summer,123
Keyboard,Accessories,2025-05-22,989,15,184,10,Winter,149
Printer,Electronics,2026-06-06,18862,10,437,2,Winter,68
Laptop,Electronics,2026-05-21,66232,10,418,1,Monsoon,59
Wireless Mouse,Accessories,2025-04-04,319,20,260,10,Winter,190
Headphones,Accessories,2025-02-18,4240,10,275,8,Monsoon,120
Headphones,Accessories,2025-04-23,3935,20,435,1,Winter,157
Printer,Electronics,2025-06-06,11614,0,96,7,Winter,92
Gaming Keyboard,Gaming,2025-06-13,4107,20,228,6,Summer,141
Smartphone,Electronics,2026-03-09,34112,10,411,10,Monsoon,72
Smartphone,Electronics,2026-09-03,34710,15,36,10,Summer,103
Monitor,Electronics,2025-03-07,8420,20,255,6,Winter,135
Monitor,Electronics,2026-01-30,22116,10,249,9,Winter,87
Headphones,Accessories,2026-01-26,1415,0,332,10,Summer,148
Monitor,Electronics,2026-09-03,10226,5,254,2,Monsoon,61
Wireless Mouse,Accessories,2026-04-25,1202,0,63,9,Winter,141
Laptop,Electronics,2026-06-26,70481,15,312,6,Monsoon,59
Printer,Electronics,2025-09-15,10511,20,237,1,Monsoon,104
Laptop,Electronics,2026-07-21,55946,15,254,7,Winter,99
Printer,Electronics,2025-01-12,14866,5,385,6,Summer,47
Wireless Mouse,Accessories,2025-04-28,474,0,500,1,Winter,151
Gaming Keyboard,Gaming,2026-07-04,6139,0,209,6,Summer,84
External Hard Drive,Storage,2025-10-01,7348,0,419,9,Winter,81
Printer,Electronics,2025-12-15,16757,0,282,7,Summer,64
Laptop,Electronics,2025-04-25,53866,0,217,3,Summer,65
Smartphone,Electronics,2025-10-28,31274,20,336,5,Summer,104
Headphones,Accessories,2026-03-22,1161,5,311,2,Summer,130
Laptop,Electronics,2025-06-11,74877,5,106,7,Monsoon,59
Monitor,Electronics,2026-04-10,19038,15,195,1,Monsoon,100
Headphones,Accessories,2025-01-04,1520,15,335,2,Monsoon,132
External Hard Drive,Storage,2025-09-27,4759,15,299,2,Summer,133
Monitor,Electronics,2026-05-28,21853,0,348,2,Winter,62
Smartphone,Electronics,2025-07-02,49771,15,92,4,Summer,96
Smartphone,Electronics,2026-06-04,11918,5,52,2,Summer,107
Keyboard,Accessories,2025-04-19,2130,0,125,8,Monsoon,83
Wireless Mouse,Accessories,2025-11-02,550,20,125,9,Winter,180
Gaming Keyboard,Gaming,2026-06-04,2549,20,461,7,Summer,154
Gaming Keyboard,Gaming,2025-07-23,3293,15,437,2,Winter,152
Laptop,Electronics,2025-06-06,53753,20,211,3,Summer,105
External Hard Drive,Storage,2026-01-18,7167,15,136,6,Winter,120
Headphones,Accessories,2025-06-15,4379,20,498,5,Summer,138
Laptop,Electronics,2026-07-07,62299,15,133,3,Summer,63
Smartphone,Electronics,2026-06-28,12631,20,309,2,Monsoon,106
Laptop,Electronics,2025-01-01,74452,0,41,9,Summer,34
Laptop,Electronics,2026-09-06,71521,0,205,1,Monsoon,52
Keyboard,Accessories,2025-11-28,2933,0,117,10,Summer,78
External Hard Drive,Storage,2026-05-16,7900,15,339,2,Monsoon,95
Headphones,Accessories,2025-01-20,3959,10,279,5,Summer,126
Smartphone,Electronics,2025-04-25,30075,15,242,9,Summer,106
Smartphone,Electronics,2026-01-07,18224,10,412,9,Winter,115
Wireless Mouse,Accessories,2025-11-11,1212,5,243,5,Winter,148
Gaming Keyboard,Gaming,2025-09-03,3076,10,139,3,Summer,119
Keyboard,Accessories,2025-03-01,1095,20,60,7,Winter,153
Printer,Electronics,2025-09-04,7773,0,257,7,Monsoon,50
Gaming Keyboard,Gaming,2026-08-04,5033,15,452,1,Winter,124
Headphones,Accessories,2025-03-22,4573,10,481,6,Monsoon,126
Printer,Electronics,2025-03-29,17417,0,212,10,Summer,56
Laptop,Electronics,2026-05-13,44491,15,443,10,Summer,99
Keyboard,Accessories,2025-03-12,1685,20,56,5,Winter,147
Gaming Keyboard,Gaming,2026-06-30,3594,5,224,3,Monsoon,104
Monitor,Electronics,2025-05-09,10233,5,40,2,Summer,97
Wireless Mouse,Accessories,2025-05-12,1244,15,165,4,Summer,141
Smartphone,Electronics,2026-05-02,21251,5,167,5,Winter,120
Keyboard,Accessories,2026-07-17,1937,5,133,2,Winter,109
Smartphone,Electronics,2025-06-19,17717,15,104,8,Winter,115
Monitor,Electronics,2025-09-29,15656,10,499,9,Summer,74
Smartphone,Electronics,2026-06-25,45653,0,65,2,Summer,85
Keyboard,Accessories,2026-09-14,1362,10,102,4,Winter,142
Headphones,Accessories,2026-03-10,4624,5,272,5,Winter,118
External Hard Drive,Storage,2025-08-05,7490,20,240,4,Winter,124
Gaming Keyboard,Gaming,2026-07-07,2595,15,386,9,Monsoon,114
External Hard Drive,Storage,2025-07-25,8336,20,459,2,Summer,121
Monitor,Electronics,2025-11-16,19035,10,292,8,Winter,99
External Hard Drive,Storage,2026-02-13,6607,5,485,6,Winter,74
Laptop,Electronics,2026-01-18,45305,5,219,6,Winter,67
Monitor,Electronics,2026-03-25,8271,20,282,6,Monsoon,105
Gaming Keyboard,Gaming,2026-06-14,6767,20,103,2,Winter,133
Headphones,Accessories,2026-04-08,4547,20,413,2,Winter,141
Smartphone,Electronics,2025-05-04,34526,20,179,3,Winter,108
Printer,Electronics,2025-09-11,9049,20,415,2,Winter,122
Printer,Electronics,2025-08-19,12814,10,482,5,Summer,70
Laptop,Electronics,2025-03-07,75404,0,123,8,Monsoon,33
Keyboard,Accessories,2025-12-13,2499,5,284,9,Summer,98
Headphones,Accessories,2025-01-22,2700,0,121,1,Monsoon,135
Printer,Electronics,2026-08-26,14369,20,80,1,Summer,88
External Hard Drive,Storage,2026-07-22,4259,10,354,1,Monsoon,118
Gaming Keyboard,Gaming,2025-08-24,5821,15,483,2,Winter,133
External Hard Drive,Storage,2026-08-26,7380,0,252,2,Winter,86
Keyboard,Accessories,2025-08-14,2722,5,211,8,Winter,95
Headphones,Accessories,2025-01-08,3260,20,367,6,Winter,166
Gaming Keyboard,Gaming,2025-03-14,2350,0,182,7,Monsoon,99
Keyboard,Accessories,2025-03-02,1414,5,62,2,Summer,124
Keyboard,Accessories,2025-08-23,2354,10,213,8,Monsoon,133
Monitor,Electronics,2025-03-11,19193,0,354,7,Monsoon,52
Laptop,Electronics,2025-02-02,70349,10,88,6,Summer,63
Monitor,Electronics,2025-12-05,13346,20,461,3,Summer,96
Monitor,Electronics,2025-03-14,22861,10,308,9,Monsoon,88
Gaming Keyboard,Gaming,2026-06-11,3073,15,493,8,Monsoon,127
Monitor,Electronics,2025-09-01,8415,10,62,1,Monsoon,80
Smartphone,Electronics,2025-10-13,33822,10,218,7,Summer,96
Wireless Mouse,Accessories,2026-05-13,1001,0,459,6,Winter,149
External Hard Drive,Storage,2025-08-08,5192,15,186,8,Monsoon,130
Keyboard,Accessories,2026-07-07,1476,0,33,7,Monsoon,121
Monitor,Electronics,2025-05-16,22139,10,294,9,Monsoon,80
Headphones,Accessories,2026-08-08,3486,5,68,8,Winter,131
Printer,Electronics,2026-08-14,18780,15,61,8,Summer,75
Gaming Keyboard,Gaming,2026-04-30,5665,0,102,4,Monsoon,74
Smartphone,Electronics,2025-09-06,27678,0,253,10,Summer,95
Smartphone,Electronics,2026-04-30,35065,0,209,4,Winter,66
External Hard Drive,Storage,2026-02-21,6972,0,296,9,Monsoon,60
Keyboard,Accessories,2025-07-14,1423,5,451,3,Summer,127
Wireless Mouse,Accessories,2025-04-07,363,0,301,9,Monsoon,147
Wireless Mouse,Accessories,2025-04-10,1445,10,342,9,Monsoon,140
Gaming Keyboard,Gaming,2026-03-18,7815,0,121,4,Winter,82
Headphones,Accessories,2025-12-29,3458,0,275,5,Winter,115
Monitor,Electronics,2026-03-10,11232,10,167,9,Summer,102
Laptop,Electronics,2026-02-25,50286,0,217,5,Monsoon,54
Headphones,Accessories,2026-04-24,4429,0,98,5,Summer,126
Laptop,Electronics,2025-02-25,64626,20,296,4,Winter,72
Monitor,Electronics,2025-04-11,17735,10,425,3,Monsoon,68
Printer,Electronics,2025-03-04,18080,20,435,6,Winter,111
Gaming Keyboard,Gaming,2026-02-17,2783,10,488,5,Monsoon,97
Gaming Keyboard,Gaming,2025-12-14,6275,0,242,2,Monsoon,93
Printer,Electronics,2025-04-22,13086,0,404,1,Summer,33
Smartphone,Electronics,2025-09-12,44455,15,49,8,Monsoon,100
Printer,Electronics,2025-07-16,15779,5,455,6,Winter,76
Printer,Electronics,2025-07-14,16727,15,241,6,Monsoon,77
Printer,Electronics,2026-07-04,10383,0,41,5,Summer,64
Laptop,Electronics,2026-04-05,54813,10,321,9,Monsoon,70
Wireless Mouse,Accessories,2025-05-24,1122,5,384,4,Winter,147
Smartphone,Electronics,2026-03-09,28084,10,179,7,Summer,109
Keyboard,Accessories,2025-07-07,1493,5,396,10,Winter,124
Smartphone,Electronics,2025-10-13,43461,10,242,6,Monsoon,81
Printer,Electronics,2026-04-19,5934,10,437,6,Winter,101
Keyboard,Accessories,2025-09-13,2100,0,207,2,Monsoon,87
Printer,Electronics,2025-03-19,5185,0,71,2,Winter,63
Keyboard,Accessories,2026-03-30,2614,15,381,7,Winter,137
Smartphone,Electronics,2026-07-18,31938,10,355,4,Winter,116
Smartphone,Electronics,2025-04-11,49219,10,193,5,Summer,76
Smartphone,Electronics,2025-02-21,25818,10,407,9,Summer,110
External Hard Drive,Storage,2026-07-08,5073,0,239,7,Winter,111
Laptop,Electronics,2025-01-16,55831,15,226,8,Summer,104
Laptop,Electronics,2025-04-06,48420,5,53,8,Winter,75
Wireless Mouse,Accessories,2025-08-31,1344,10,381,10,Winter,130
Gaming Keyboard,Gaming,2025-06-20,3859,0,172,9,Winter,107
Printer,Electronics,2026-02-21,12382,15,131,1,Summer,101
Monitor,Electronics,2026-05-13,19736,0,357,9,Winter,43
Monitor,Electronics,2026-05-08,9349,20,128,5,Winter,122
Laptop,Electronics,2025-08-07,64822,0,91,6,Monsoon,46
Keyboard,Accessories,2026-02-15,1590,5,294,2,Monsoon,126
Laptop,Electronics,2025-03-02,41866,0,461,1,Summer,42
Monitor,Electronics,2025-06-18,11033,15,181,9,Winter,114
Gaming Keyboard,Gaming,2026-01-24,5563,15,325,3,Monsoon,103
Laptop,Electronics,2025-01-03,56956,15,404,4,Summer,94
Wireless Mouse,Accessories,2026-02-04,1162,0,391,4,Winter,132
Smartphone,Electronics,2025-09-29,29200,20,421,9,Monsoon,127
Wireless Mouse,Accessories,2026-04-11,1168,20,321,1,Winter,185
Headphones,Accessories,2025-10-20,3356,10,213,5,Summer,144
External Hard Drive,Storage,2026-03-10,4828,15,470,9,Monsoon,118
Smartphone,Electronics,2026-07-24,21717,15,86,2,Monsoon,110
External Hard Drive,Storage,2026-05-14,5884,15,188,10,Winter,141
Smartphone,Electronics,2025-06-08,41926,5,350,10,Monsoon,77
Monitor,Electronics,2025-07-14,17168,0,208,5,Summer,54
Monitor,Electronics,2025-10-31,21341,15,336,10,Winter,109
Gaming Keyboard,Gaming,2025-08-11,5961,15,208,8,Summer,105
Keyboard,Accessories,2025-03-01,1638,10,406,6,Summer,138
Laptop,Electronics,2026-08-17,57034,10,30,2,Summer,81
Keyboard,Accessories,2026-07-10,2293,0,262,2,Summer,103
Laptop,Electronics,2025-03-04,56718,10,466,10,Monsoon,72
Laptop,Electronics,2025-11-18,52812,0,410,4,Winter,70
External Hard Drive,Storage,2025-02-28,3983,15,199,3,Monsoon,125
Monitor,Electronics,2025-02-21,8064,0,194,8,Summer,73
Monitor,Electronics,2026-08-22,23000,0,106,8,Winter,59
Printer,Electronics,2026-05-04,18434,10,492,8,Monsoon,73
Smartphone,Electronics,2026-05-30,28104,15,303,8,Winter,118
Keyboard,Accessories,2026-06-28,2149,20,311,7,Monsoon,147
Wireless Mouse,Accessories,2025-06-11,878,5,311,8,Summer,153
Keyboard,Accessories,2025-02-28,1533,15,41,1,Monsoon,153
Wireless Mouse,Accessories,2026-06-05,1496,5,233,10,Monsoon,143
Smartphone,Electronics,2025-03-24,17709,0,113,7,Winter,102
Laptop,Electronics,2025-07-10,68684,20,320,5,Summer,86
Smartphone,Electronics,2025-03-12,12834,0,133,9,Monsoon,93
Headphones,Accessories,2026-09-02,4695,10,172,8,Summer,142
Headphones,Accessories,2025-03-11,1240,20,298,8,Monsoon,143
Printer,Electronics,2025-08-29,18136,5,303,2,Monsoon,38
Keyboard,Accessories,2026-02-18,1483,5,76,3,Summer,109
Gaming Keyboard,Gaming,2025-05-03,7058,20,421,8,Monsoon,127
Printer,Electronics,2026-08-07,15579,5,97,5,Summer,73
Laptop,Electronics,2025-09-10,65265,5,191,1,Monsoon,35
Monitor,Electronics,2026-08-16,16150,5,281,7,Winter,81
Laptop,Electronics,2026-09-01,40674,10,302,9,Monsoon,78
Keyboard,Accessories,2025-02-10,1353,0,140,3,Summer,104
Wireless Mouse,Accessories,2025-03-25,1192,10,99,7,Winter,157
Headphones,Accessories,2026-03-06,3715,10,469,10,Winter,117
Headphones,Accessories,2026-08-21,2470,20,110,6,Monsoon,172
Wireless Mouse,Accessories,2026-08-02,323,20,429,3,Winter,164
Smartphone,Electronics,2026-06-20,21325,0,320,5,Monsoon,106
Monitor,Electronics,2025-11-20,20648,10,161,7,Winter,106
Smartphone,Electronics,2025-09-25,18055,5,435,3,Summer,97
Monitor,Electronics,2025-07-29,14099,15,372,9,Summer,109
Keyboard,Accessories,2025-11-18,2176,0,268,4,Summer,111
Gaming Keyboard,Gaming,2025-09-02,2072,0,169,9,Winter,95
Keyboard,Accessories,2025-09-29,2376,20,326,1,Summer,142
Printer,Electronics,2026-02-10,14364,15,281,1,Winter,79
Monitor,Electronics,2025-05-15,24473,5,409,6,Winter,74
Wireless Mouse,Accessories,2025-11-04,1389,0,410,2,Winter,119
Wireless Mouse,Accessories,2026-04-14,954,0,481,10,Winter,114
Keyboard,Accessories,2025-11-20,1379,20,488,8,Summer,168
Gaming Keyboard,Gaming,2025-03-16,7750,0,167,7,Winter,98
Laptop,Electronics,2025-01-10,47597,5,250,5,Monsoon,50
Laptop,Electronics,2026-04-15,69754,0,209,10,Summer,61
Printer,Electronics,2026-07-31,6903,0,137,8,Winter,89
Smartphone,Electronics,2025-04-13,39144,15,113,4,Monsoon,109
Keyboard,Accessories,2025-03-17,1956,5,227,7,Summer,124
External Hard Drive,Storage,2026-07-05,6996,0,490,2,Summer,74
Wireless Mouse,Accessories,2025-08-07,1270,20,117,5,Monsoon,167
Printer,Electronics,2026-06-03,16650,15,456,3,Summer,81
Smartphone,Electronics,2025-09-29,10192,10,36,2,Monsoon,120
Smartphone,Electronics,2025-05-16,16966,0,76,10,Summer,88
External Hard Drive,Storage,2025-12-24,7465,5,48,5,Winter,115
External Hard Drive,Storage,2025-03-12,8642,0,60,9,Summer,82
Monitor,Electronics,2025-09-08,23384,0,211,7,Monsoon,48
Keyboard,Accessories,2026-01-14,2073,5,473,1,Monsoon,106
External Hard Drive,Storage,2025-10-19,4675,15,179,10,Monsoon,119
Keyboard,Accessories,2025-06-11,2177,20,412,8,Summer,124
Keyboard,Accessories,2026-03-25,2577,15,448,6,Summer,142
Printer,Electronics,2026-07-11,11701,5,170,5,Monsoon,93
Smartphone,Electronics,2025-11-06,39668,20,99,2,Monsoon,99
External Hard Drive,Storage,2026-06-26,8465,5,413,5,Monsoon,103
Printer,Electronics,2025-01-09,13182,20,141,4,Summer,99
External Hard Drive,Storage,2026-07-22,3790,20,312,7,Winter,142
Smartphone,Electronics,2025-11-03,46720,0,408,3,Winter,73
Laptop,Electronics,2025-04-17,55370,20,303,9,Winter,106
Monitor,Electronics,2025-05-18,9518,0,304,4,Winter,71
Smartphone,Electronics,2025-09-28,26902,20,376,2,Monsoon,117
Keyboard,Accessories,2025-04-29,847,0,397,10,Monsoon,127
Wireless Mouse,Accessories,2025-04-20,574,0,341,4,Summer,123
Laptop,Electronics,2026-07-21,66975,20,281,4,Monsoon,99
Monitor,Electronics,2025-06-09,18841,15,134,5,Summer,76
Printer,Electronics,2025-10-06,19823,15,279,1,Monsoon,77
Printer,Electronics,2025-10-16,14421,5,430,2,Summer,60
Headphones,Accessories,2026-09-12,1518,10,173,7,Monsoon,148
Printer,Electronics,2025-08-04,6868,5,262,4,Summer,69
Headphones,Accessories,2025-12-18,1556,10,116,7,Summer,146
External Hard Drive,Storage,2025-07-28,7668,15,474,5,Winter,119
Printer,Electronics,2025-09-28,18602,20,104,2,Summer,68
Smartphone,Electronics,2026-06-02,44186,20,194,7,Winter,101
Headphones,Accessories,2026-05-16,2804,20,465,6,Monsoon,170
Wireless Mouse,Accessories,2025-09-15,412,20,135,10,Summer,169
Keyboard,Accessories,2025-02-22,2798,0,130,10,Monsoon,99
Printer,Electronics,2025-04-05,6323,15,82,10,Summer,80
Keyboard,Accessories,2026-03-10,2396,5,422,8,Monsoon,102
Headphones,Accessories,2025-10-11,4216,0,319,6,Winter,113
Gaming Keyboard,Gaming,2025-02-15,3305,20,384,2,Winter,130
Keyboard,Accessories,2025-01-04,1729,10,261,3,Winter,140
Smartphone,Electronics,2025-12-08,17143,20,84,10,Summer,131
Headphones,Accessories,2025-05-14,3763,20,351,2,Monsoon,171
Laptop,Electronics,2025-09-26,79953,10,449,7,Monsoon,48
Printer,Electronics,2025-06-15,13892,5,283,7,Summer,56
Smartphone,Electronics,2026-03-29,46851,20,239,3,Monsoon,113
Keyboard,Accessories,2026-07-19,1897,15,493,4,Winter,130
Headphones,Accessories,2026-03-14,1876,20,455,3,Winter,172
External Hard Drive,Storage,2026-07-29,8259,5,402,4,Monsoon,64
External Hard Drive,Storage,2025-01-10,9711,10,370,4,Monsoon,78
Wireless Mouse,Accessories,2025-04-25,808,10,156,10,Monsoon,158
Wireless Mouse,Accessories,2025-03-19,511,20,279,10,Summer,181
Printer,Electronics,2025-06-02,5657,0,470,5,Monsoon,80
Keyboard,Accessories,2026-07-13,2134,10,363,5,Summer,114
External Hard Drive,Storage,2025-02-06,4892,5,51,8,Winter,112
Gaming Keyboard,Gaming,2026-01-14,2231,15,471,5,Monsoon,128
Gaming Keyboard,Gaming,2026-08-20,4689,20,63,7,Summer,135
Laptop,Electronics,2026-07-20,77233,15,204,1,Summer,61
Keyboard,Accessories,2025-06-01,1176,20,355,9,Monsoon,132
Headphones,Accessories,2026-03-17,2415,10,50,1,Monsoon,135
Printer,Electronics,2025-05-11,6232,20,480,4,Monsoon,102
Laptop,Electronics,2025-02-12,42570,15,93,10,Monsoon,77
Printer,Electronics,2025-11-12,6457,10,41,6,Summer,85
Laptop,Electronics,2026-01-09,49340,20,36,5,Winter,120
Gaming Keyboard,Gaming,2025-02-10,3441,5,371,7,Winter,98
Monitor,Electronics,2026-01-02,13642,0,93,8,Summer,96
Smartphone,Electronics,2025-08-04,29387,10,62,2,Summer,97
Headphones,Accessories,2025-09-13,2495,15,67,3,Summer,154
Printer,Electronics,2025-04-16,13160,10,429,6,Summer,70
Wireless Mouse,Accessories,2025-12-29,315,15,369,6,Monsoon,189
External Hard Drive,Storage,2026-07-28,8490,10,177,2,Winter,93
Laptop,Electronics,2026-02-21,54944,5,111,9,Summer,82
Laptop,Electronics,2025-06-08,53107,0,97,7,Winter,72
Monitor,Electronics,2025-08-31,14809,15,412,2,Monsoon,110
Printer,Electronics,2025-06-16,11602,20,51,8,Monsoon,100
Laptop,Electronics,2025-07-01,44930,5,39,3,Winter,79
Headphones,Accessories,2026-02-27,1404,0,76,7,Monsoon,120
Gaming Keyboard,Gaming,2025-01-26,6948,0,460,3,Monsoon,58
Printer,Electronics,2025-07-03,5633,10,148,7,Winter,80
Keyboard,Accessories,2025-12-07,2744,0,130,9,Winter,84
Headphones,Accessories,2026-02-26,3580,20,276,5,Winter,154
External Hard Drive,Storage,2025-09-12,6804,5,158,2,Monsoon,81
Smartphone,Electronics,2025-10-01,22414,15,448,10,Winter,134
Headphones,Accessories,2025-06-13,2090,0,263,4,Summer,135
Laptop,Electronics,2025-04-21,67299,15,341,6,Summer,70
Monitor,Electronics,2026-01-27,11672,20,184,5,Monsoon,136
External Hard Drive,Storage,2025-02-09,5018,5,233,8,Winter,106
Gaming Keyboard,Gaming,2026-04-27,4278,20,463,10,Summer,134
Monitor,Electronics,2025-08-16,18014,10,170,3,Monsoon,93
Monitor,Electronics,2025-07-24,21068,15,267,5,Monsoon,87
Headphones,Accessories,2026-04-17,1226,15,126,6,Summer,180
Laptop,Electronics,2025-12-25,41705,15,93,5,Monsoon,76
External Hard Drive,Storage,2025-11-09,8094,15,141,10,Monsoon,90
Printer,Electronics,2025-08-22,12582,15,255,6,Summer,89
Headphones,Accessories,2025-08-17,4297,20,460,2,Winter,167
Keyboard,Accessories,2025-01-25,877,20,202,3,Monsoon,163
Laptop,Electronics,2025-07-17,45642,5,214,1,Monsoon,63
Printer,Electronics,2026-02-13,13028,10,105,7,Summer,79
Keyboard,Accessories,2025-12-03,2704,20,127,4,Winter,118
Keyboard,Accessories,2025-10-13,1904,15,384,7,Summer,132
Gaming Keyboard,Gaming,2025-03-13,5636,15,441,1,Summer,111
Printer,Electronics,2025-10-13,8058,10,388,5,Summer,104
Printer,Electronics,2025-12-26,13131,20,465,9,Summer,104
Printer,Electronics,2026-06-06,19128,0,362,10,Winter,65
External Hard Drive,Storage,2026-02-14,8770,0,313,7,Winter,98
Printer,Electronics,2026-07-04,17491,5,233,2,Monsoon,40
Laptop,Electronics,2025-12-06,66328,20,385,5,Monsoon,82
External Hard Drive,Storage,2025-01-29,3214,20,422,9,Summer,152
Monitor,Electronics,2025-04-29,12517,15,43,9,Monsoon,99
Gaming Keyboard,Gaming,2025-09-25,7292,0,143,9,Monsoon,85
Laptop,Electronics,2025-07-02,46699,15,334,10,Winter,84
Printer,Electronics,2026-08-18,8102,20,54,7,Monsoon,84
External Hard Drive,Storage,2025-09-29,5006,0,182,2,Summer,113
Wireless Mouse,Accessories,2025-02-09,790,20,40,8,Winter,184
External Hard Drive,Storage,2025-04-22,6947,10,61,3,Winter,115
Headphones,Accessories,2026-09-03,3143,5,451,1,Summer,130
External Hard Drive,Storage,2026-03-21,8765,10,178,8,Winter,103
External Hard Drive,Storage,2025-12-20,3831,0,350,1,Monsoon,105
Printer,Electronics,2025-11-18,12820,10,118,5,Summer,76
Smartphone,Electronics,2026-03-23,32130,5,40,10,Summer,75
Gaming Keyboard,Gaming,2026-09-13,3942,5,360,5,Summer,106
Printer,Electronics,2026-06-08,13654,15,61,8,Winter,77
Headphones,Accessories,2025-04-29,4692,10,160,3,Monsoon,124
Headphones,Accessories,2026-01-30,1333,10,74,7,Summer,139
Monitor,Electronics,2026-08-14,10337,20,459,10,Winter,127
Wireless Mouse,Accessories,2025-07-14,1222,5,172,5,Monsoon,130
Laptop,Electronics,2025-09-18,60531,10,404,8,Monsoon,65
Printer,Electronics,2025-02-15,8170,0,410,9,Monsoon,79
External Hard Drive,Storage,2026-03-23,8265,10,339,5,Monsoon,101
Headphones,Accessories,2025-01-02,2230,0,331,2,Summer,123
Smartphone,Electronics,2026-06-17,23055,20,246,2,Winter,113
Wireless Mouse,Accessories,2026-07-06,1435,0,425,5,Monsoon,127
Gaming Keyboard,Gaming,2025-07-21,7885,5,237,4,Winter,106
Smartphone,Electronics,2026-01-08,11413,5,301,10,Monsoon,109
Keyboard,Accessories,2026-03-18,2176,15,31,4,Winter,121
Gaming Keyboard,Gaming,2025-03-13,7369,10,215,5,Winter,89
Laptop,Electronics,2025-12-05,72459,10,152,1,Winter,50
Smartphone,Electronics,2025-11-18,49941,10,326,6,Monsoon,98
Gaming Keyboard,Gaming,2025-05-08,6961,5,492,2,Summer,84
Printer,Electronics,2025-11-04,17127,0,235,8,Winter,66
Smartphone,Electronics,2026-06-04,45814,20,433,3,Winter,120
Laptop,Electronics,2025-11-13,79434,0,146,4,Summer,50
Headphones,Accessories,2026-02-23,2350,5,257,4,Summer,149
Gaming Keyboard,Gaming,2025-12-01,5295,15,434,1,Monsoon,95
External Hard Drive,Storage,2026-02-17,3227,0,369,5,Monsoon,64
Gaming Keyboard,Gaming,2025-10-30,5081,5,201,3,Summer,82
Monitor,Electronics,2026-07-22,19891,15,227,1,Monsoon,76
Printer,Electronics,2025-05-11,6229,20,264,8,Winter,106
Monitor,Electronics,2025-07-16,12872,15,88,10,Monsoon,93
External Hard Drive,Storage,2026-03-07,5610,10,199,1,Winter,137
Monitor,Electronics,2026-01-24,9290,20,390,5,Monsoon,124
Gaming Keyboard,Gaming,2025-06-28,3860,10,326,4,Monsoon,126
External Hard Drive,Storage,2026-08-06,9952,15,294,9,Summer,132
Laptop,Electronics,2025-11-05,73290,5,127,6,Monsoon,43
Gaming Keyboard,Gaming,2026-02-20,3530,15,383,5,Monsoon,122
Monitor,Electronics,2026-07-16,23821,0,165,3,Monsoon,56
Monitor,Electronics,2025-01-01,17286,15,458,2,Monsoon,76
Monitor,Electronics,2025-11-08,21312,15,226,5,Summer,85
Wireless Mouse,Accessories,2025-10-21,954,5,373,2,Monsoon,136
Wireless Mouse,Accessories,2025-08-04,408,15,221,2,Summer,160
Monitor,Electronics,2026-03-17,12659,15,349,5,Winter,118
Printer,Electronics,2026-08-17,12049,20,458,3,Monsoon,103
Headphones,Accessories,2026-09-14,3212,10,40,3,Summer,124
Gaming Keyboard,Gaming,2025-11-26,2777,10,156,4,Summer,113
Gaming Keyboard,Gaming,2026-04-22,3852,0,139,6,Winter,120
Keyboard,Accessories,2026-03-29,2436,0,329,10,Monsoon,92
Printer,Electronics,2026-03-29,17800,0,56,4,Summer,64
Keyboard,Accessories,2025-08-07,2856,15,45,5,Winter,130
Monitor,Electronics,2026-06-08,11577,15,302,3,Summer,124
Gaming Keyboard,Gaming,2026-04-30,3961,20,179,4,Winter,146
Smartphone,Electronics,2025-06-23,45301,10,76,10,Winter,98
Laptop,Electronics,2025-03-28,45003,15,90,5,Monsoon,89
Monitor,Electronics,2025-10-18,16988,10,84,6,Winter,84
External Hard Drive,Storage,2026-06-12,5300,10,105,7,Winter,127
Wireless Mouse,Accessories,2025-12-10,599,5,415,1,Winter,175
Keyboard,Accessories,2025-04-06,1760,20,36,10,Monsoon,152
External Hard Drive,Storage,2025-08-29,5112,0,417,9,Winter,113
Printer,Electronics,2025-11-14,5259,10,351,5,Summer,103
Wireless Mouse,Accessories,2025-08-19,502,20,249,6,Summer,187
Monitor,Electronics,2025-07-23,23945,5,46,3,Summer,74
Printer,Electronics,2025-05-31,8847,0,164,10,Winter,66
Laptop,Electronics,2025-01-26,63930,10,130,7,Summer,68
Wireless Mouse,Accessories,2025-02-17,1217,0,362,4,Summer,105
External Hard Drive,Storage,2025-09-08,8816,5,142,5,Summer,100
External Hard Drive,Storage,2026-05-02,9300,10,263,9,Winter,86
Printer,Electronics,2025-03-16,7666,10,209,7,Winter,93
External Hard Drive,Storage,2026-04-12,9990,10,230,9,Monsoon,99
Monitor,Electronics,2026-03-01,23334,5,485,4,Monsoon,61
External Hard Drive,Storage,2026-08-13,7231,20,309,9,Summer,115
Headphones,Accessories,2025-07-19,3356,15,170,6,Monsoon,148
Monitor,Electronics,2026-01-29,18191,20,322,8,Winter,107
Smartphone,Electronics,2026-05-22,47754,5,34,1,Monsoon,70
Keyboard,Accessories,2026-02-14,1059,15,447,3,Monsoon,131
Monitor,Electronics,2025-09-07,13572,0,196,10,Monsoon,58
Headphones,Accessories,2025-06-01,2955,15,130,5,Monsoon,161
Laptop,Electronics,2025-01-06,74538,15,464,7,Summer,54
Gaming Keyboard,Gaming,2025-04-20,7758,5,75,1,Monsoon,94
Keyboard,Accessories,2026-03-12,2287,5,430,5,Monsoon,98
Printer,Electronics,2025-08-13,17807,10,299,3,Summer,78
External Hard Drive,Storage,2025-06-30,5954,0,115,10,Summer,93
Laptop,Electronics,2026-06-15,54011,10,395,4,Monsoon,66
Headphones,Accessories,2026-04-21,3120,15,280,4,Monsoon,122
Smartphone,Electronics,2025-02-21,16442,15,76,7,Monsoon,126
Printer,Electronics,2026-07-25,13381,5,387,4,Winter,80
Printer,Electronics,2025-09-13,6694,20,390,8,Summer,119
Laptop,Electronics,2025-05-05,57016,20,411,2,Summer,113
External Hard Drive,Storage,2026-04-13,9897,0,411,7,Winter,97
External Hard Drive,Storage,2025-05-17,6946,5,330,8,Winter,102
Headphones,Accessories,2026-04-21,2362,10,91,10,Summer,150
Keyboard,Accessories,2026-06-28,1698,5,332,6,Monsoon,105
External Hard Drive,Storage,2026-07-27,8946,20,179,2,Monsoon,101
Keyboard,Accessories,2026-09-02,1019,15,76,3,Winter,127
Monitor,Electronics,2025-11-21,18418,10,181,7,Monsoon,95
Printer,Electronics,2026-03-30,9660,10,178,4,Winter,98
Smartphone,Electronics,2026-06-01,40128,5,485,2,Monsoon,69
Keyboard,Accessories,2026-03-13,2300,15,63,1,Winter,127
Printer,Electronics,2026-07-16,18803,15,224,4,Winter,98
External Hard Drive,Storage,2026-04-02,5809,0,172,7,Monsoon,86
External Hard Drive,Storage,2025-06-12,5270,5,86,10,Summer,116
Smartphone,Electronics,2026-05-02,15920,10,500,2,Monsoon,98
Keyboard,Accessories,2026-04-06,2293,0,228,1,Monsoon,93
Printer,Electronics,2025-09-23,17264,15,247,10,Summer,71
Printer,Electronics,2025-09-11,7525,5,271,7,Monsoon,65
Gaming Keyboard,Gaming,2025-10-11,2663,20,144,3,Summer,138
Headphones,Accessories,2026-06-18,4558,10,152,5,Monsoon,122
Monitor,Electronics,2026-05-12,24078,10,325,5,Summer,84
Monitor,Electronics,2025-09-02,22323,10,107,5,Summer,93
Smartphone,Electronics,2025-10-09,33473,10,163,4,Monsoon,99
Wireless Mouse,Accessories,2026-03-27,327,0,370,5,Monsoon,123
Keyboard,Accessories,2025-03-21,2204,15,415,8,Summer,126
Wireless Mouse,Accessories,2025-10-20,1111,5,337,9,Winter,142
Monitor,Electronics,2025-08-29,24545,5,372,7,Summer,79
Wireless Mouse,Accessories,2025-10-06,727,5,194,5,Summer,133
Laptop,Electronics,2025-12-10,51109,5,189,10,Summer,62
Printer,Electronics,2025-11-24,7606,10,246,5,Monsoon,79
Keyboard,Accessories,2026-07-08,2807,20,450,9,Monsoon,114
Gaming Keyboard,Gaming,2025-03-24,5679,20,432,10,Winter,114
Gaming Keyboard,Gaming,2025-05-22,6599,5,124,10,Summer,98
Laptop,Electronics,2025-06-04,67983,20,497,9,Summer,82
Gaming Keyboard,Gaming,2025-08-25,3757,20,450,4,Winter,143
Gaming Keyboard,Gaming,2026-01-28,4745,0,209,6,Summer,112
Smartphone,Electronics,2025-06-06,20890,0,387,8,Winter,80
Monitor,Electronics,2025-08-08,23416,10,420,9,Monsoon,67
Smartphone,Electronics,2025-03-07,11782,5,318,10,Monsoon,86
Monitor,Electronics,2026-03-01,9083,15,453,2,Monsoon,103
Keyboard,Accessories,2026-02-22,2135,0,220,4,Monsoon,77
External Hard Drive,Storage,2025-12-05,5691,5,478,4,Monsoon,92
Laptop,Electronics,2026-07-10,68908,10,260,3,Monsoon,57
Laptop,Electronics,2026-04-23,77497,0,281,8,Monsoon,40
Headphones,Accessories,2026-03-02,2937,0,195,1,Winter,125
Monitor,Electronics,2025-03-05,10697,20,151,10,Summer,112
Headphones,Accessories,2025-07-31,1835,5,387,6,Winter,155
Keyboard,Accessories,2026-03-07,2174,5,68,10,Winter,109
Gaming Keyboard,Gaming,2026-02-03,7517,5,481,4,Winter,88
Wireless Mouse,Accessories,2026-08-22,1060,0,95,5,Monsoon,128
Printer,Electronics,2025-01-21,17752,5,161,1,Winter,60
External Hard Drive,Storage,2026-08-13,5490,15,490,5,Monsoon,128
Laptop,Electronics,2026-01-25,54877,20,492,1,Winter,97
Printer,Electronics,2026-05-04,13693,15,389,6,Winter,90
Laptop,Electronics,2025-01-07,66556,15,248,4,Monsoon,67
Smartphone,Electronics,2025-12-27,19704,20,311,6,Summer,123
Printer,Electronics,2025-11-02,15943,15,362,8,Summer,93
Wireless Mouse,Accessories,2026-02-04,1158,0,345,4,Winter,143
Monitor,Electronics,2026-03-06,16912,20,224,7,Monsoon,98
Printer,Electronics,2026-07-06,13626,20,242,7,Summer,103
External Hard Drive,Storage,2026-07-14,8927,10,284,1,Monsoon,99
External Hard Drive,Storage,2026-09-10,4622,20,162,2,Winter,148
Printer,Electronics,2025-08-14,13086,0,296,5,Summer,37
Monitor,Electronics,2026-05-15,14282,20,393,4,Summer,96
Monitor,Electronics,2025-08-13,19415,10,63,7,Winter,98
Smartphone,Electronics,2025-10-07,44898,0,385,9,Monsoon,50
Headphones,Accessories,2026-03-23,3976,5,100,7,Winter,109
Smartphone,Electronics,2026-05-13,44282,10,486,8,Summer,81
Smartphone,Electronics,2025-01-30,41795,15,255,1,Monsoon,97
Headphones,Accessories,2026-02-03,4499,20,110,7,Summer,145
Headphones,Accessories,2025-12-11,4054,20,201,10,Monsoon,150
Printer,Electronics,2026-02-19,18640,5,116,4,Summer,75
Headphones,Accessories,2025-06-19,4380,20,452,7,Summer,157
External Hard Drive,Storage,2026-04-24,8782,0,54,6,Summer,88
Keyboard,Accessories,2025-05-11,2426,0,223,10,Winter,96
Smartphone,Electronics,2026-07-01,36269,0,249,8,Monsoon,70
Printer,Electronics,2025-01-28,7079,0,88,2,Winter,59
Laptop,Electronics,2026-02-08,60446,15,96,4,Summer,69
Smartphone,Electronics,2026-08-30,41705,20,452,10,Monsoon,117
Gaming Keyboard,Gaming,2026-08-01,2301,20,81,1,Winter,157
Monitor,Electronics,2025-01-28,12063,5,418,4,Summer,98
Laptop,Electronics,2025-03-27,42256,15,208,7,Summer,64
Smartphone,Electronics,2026-03-15,35764,15,120,3,Summer,119
Keyboard,Accessories,2025-05-19,899,0,338,4,Summer,129
Monitor,Electronics,2026-04-18,23118,5,366,9,Summer,79
Gaming Keyboard,Gaming,2025-07-06,2810,15,431,9,Summer,143
Laptop,Electronics,2025-02-21,76623,20,225,1,Monsoon,91
Monitor,Electronics,2025-09-24,16835,0,232,7,Monsoon,67
Wireless Mouse,Accessories,2026-01-24,829,15,260,4,Winter,176
Monitor,Electronics,2025-12-02,14472,5,257,9,Winter,80
Keyboard,Accessories,2025-08-05,875,15,465,10,Winter,135
Wireless Mouse,Accessories,2026-04-11,1136,0,283,9,Monsoon,105
Smartphone,Electronics,2025-12-01,41819,0,372,4,Winter,73
Smartphone,Electronics,2025-12-12,29818,10,373,10,Winter,105
Monitor,Electronics,2026-01-24,9744,0,419,9,Summer,81
Smartphone,Electronics,2025-10-12,19088,5,449,2,Winter,102
Keyboard,Accessories,2026-03-08,1002,5,433,8,Summer,109
Wireless Mouse,Accessories,2025-09-16,373,15,336,4,Summer,169
Gaming Keyboard,Gaming,2025-03-25,3335,20,388,5,Summer,130
Monitor,Electronics,2026-04-27,20437,15,465,2,Winter,118
External Hard Drive,Storage,2025-01-20,9954,20,270,2,Summer,119
Smartphone,Electronics,2026-07-07,23307,0,49,9,Monsoon,82
Printer,Electronics,2025-02-23,18017,0,87,3,Winter,65
Laptop,Electronics,2025-12-25,70530,10,55,6,Monsoon,43
Printer,Electronics,2025-08-18,18776,20,473,3,Summer,88
Headphones,Accessories,2025-03-12,3775,0,341,5,Monsoon,116
Smartphone,Electronics,2025-02-11,46941,15,305,9,Winter,117
Keyboard,Accessories,2025-02-01,2612,15,133,1,Winter,123
Printer,Electronics,2025-09-11,18953,0,433,8,Winter,63
Monitor,Electronics,2025-07-24,24810,20,469,6,Summer,111
Printer,Electronics,2025-01-21,14294,10,411,7,Summer,65
Laptop,Electronics,2025-06-06,69833,10,470,10,Summer,63
Smartphone,Electronics,2025-09-02,39625,5,220,8,Winter,87
Printer,Electronics,2025-05-10,10244,0,37,1,Winter,68
External Hard Drive,Storage,2026-04-30,9394,15,85,8,Monsoon,112
Smartphone,Electronics,2025-04-28,12564,5,59,10,Winter,123
Laptop,Electronics,2026-08-01,60222,10,441,2,Monsoon,66
Headphones,Accessories,2025-08-12,4394,5,137,10,Monsoon,97
Smartphone,Electronics,2026-04-22,16440,0,469,8,Monsoon,76
Gaming Keyboard,Gaming,2025-09-20,3107,0,131,9,Summer,99
Monitor,Electronics,2026-01-13,8671,10,289,5,Summer,113
Printer,Electronics,2025-06-21,9509,20,365,8,Summer,103
Monitor,Electronics,2026-09-13,19889,15,313,2,Summer,85
External Hard Drive,Storage,2026-09-14,7572,10,453,6,Monsoon,109
External Hard Drive,Storage,2025-04-28,9993,5,249,2,Summer,90
Smartphone,Electronics,2025-06-17,39050,10,192,10,Winter,85
Printer,Electronics,2025-11-15,16596,20,490,7,Summer,83
Smartphone,Electronics,2025-04-21,12388,5,203,7,Monsoon,107
Headphones,Accessories,2026-08-16,1905,10,128,6,Winter,156
Wireless Mouse,Accessories,2025-01-27,1102,0,331,2,Winter,115
Gaming Keyboard,Gaming,2025-11-16,4605,10,39,3,Winter,108
Wireless Mouse,Accessories,2026-08-13,1413,5,356,10,Monsoon,136
Wireless Mouse,Accessories,2026-01-20,680,0,153,1,Monsoon,136
Headphones,Accessories,2026-02-11,1920,5,402,1,Winter,143
Gaming Keyboard,Gaming,2025-07-23,6098,0,338,3,Monsoon,94
Laptop,Electronics,2025-03-19,68903,15,85,6,Summer,64
Wireless Mouse,Accessories,2026-08-30,763,20,70,9,Monsoon,176
Gaming Keyboard,Gaming,2025-09-06,7758,20,346,8,Summer,120
Wireless Mouse,Accessories,2025-04-15,577,15,136,10,Summer,164
Headphones,Accessories,2025-11-05,1874,15,448,10,Monsoon,137
Keyboard,Accessories,2026-09-07,2373,0,369,2,Winter,101
External Hard Drive,Storage,2025-05-04,4850,15,298,5,Summer,113
Smartphone,Electronics,2026-08-03,12303,0,273,5,Summer,81
Headphones,Accessories,2025-02-12,3732,5,112,7,Winter,113
External Hard Drive,Storage,2025-12-22,3492,20,250,10,Summer,140
External Hard Drive,Storage,2026-06-30,5206,20,417,2,Winter,141
Headphones,Accessories,2026-03-15,3496,20,147,4,Monsoon,132
Keyboard,Accessories,2026-01-15,1709,20,186,1,Winter,148
Wireless Mouse,Accessories,2025-03-12,1368,5,77,7,Winter,152
Printer,Electronics,2026-06-03,11420,20,406,7,Winter,118
External Hard Drive,Storage,2025-12-16,7570,15,34,4,Winter,114
Keyboard,Accessories,2025-01-13,1862,20,325,3,Summer,156
Keyboard,Accessories,2026-03-07,1009,20,359,1,Monsoon,136
Gaming Keyboard,Gaming,2026-05-17,7886,5,493,3,Summer,98
Smartphone,Electronics,2025-04-19,32237,5,129,1,Summer,82
Gaming Keyboard,Gaming,2026-03-20,2222,15,127,6,Monsoon,107
Laptop,Electronics,2026-01-06,67944,15,465,3,Winter,73
Laptop,Electronics,2026-04-16,53112,20,357,7,Winter,90
Monitor,Electronics,2025-06-06,13058,20,349,2,Winter,120
Printer,Electronics,2026-03-22,18796,5,390,5,Monsoon,57
Gaming Keyboard,Gaming,2025-06-30,4420,15,38,3,Winter,134
Gaming Keyboard,Gaming,2026-06-19,3176,15,305,10,Winter,132
Headphones,Accessories,2025-10-04,3329,5,93,1,Winter,120
Gaming Keyboard,Gaming,2026-07-06,7852,10,64,6,Monsoon,110
Wireless Mouse,Accessories,2026-05-11,657,0,344,3,Winter,138
Wireless Mouse,Accessories,2026-04-22,946,5,295,9,Summer,128
Wireless Mouse,Accessories,2026-03-23,696,15,279,8,Winter,176
Keyboard,Accessories,2026-08-30,2505,0,199,10,Monsoon,69
Printer,Electronics,2025-10-02,15960,20,375,5,Monsoon,108
Printer,Electronics,2025-11-27,11593,10,300,10,Summer,74
Wireless Mouse,Accessories,2025-09-09,1206,20,149,3,Winter,168
Wireless Mouse,Accessories,2025-03-30,1455,20,141,2,Monsoon,176
Smartphone,Electronics,2025-10-13,18214,20,382,1,Summer,130
Laptop,Electronics,2026-04-07,47949,15,225,4,Monsoon,99
Monitor,Electronics,2025-09-07,16261,20,455,5,Winter,123
Wireless Mouse,Accessories,2026-04-21,807,0,246,10,Winter,155
Headphones,Accessories,2026-08-07,3911,0,392,10,Monsoon,110
External Hard Drive,Storage,2026-01-24,3764,10,187,6,Summer,127
Headphones,Accessories,2025-12-11,4010,0,52,3,Winter,119
Headphones,Accessories,2025-01-30,1360,5,368,6,Summer,157
Wireless Mouse,Accessories,2026-05-22,526,5,102,10,Monsoon,146
Headphones,Accessories,2025-11-29,3069,10,154,5,Summer,127
Wireless Mouse,Accessories,2025-07-06,1118,20,135,4,Monsoon,159
Keyboard,Accessories,2026-05-15,2678,15,433,4,Summer,127
Gaming Keyboard,Gaming,2025-08-06,7477,15,343,10,Monsoon,110
Monitor,Electronics,2025-12-30,19120,15,300,2,Summer,98
Printer,Electronics,2025-09-22,17074,5,453,6,Monsoon,57
Wireless Mouse,Accessories,2025-12-15,634,15,210,7,Winter,168
Smartphone,Electronics,2025-10-14,27608,0,175,5,Monsoon,83
Wireless Mouse,Accessories,2026-09-03,1018,15,89,6,Winter,157
Printer,Electronics,2025-10-10,7923,20,478,5,Monsoon,132
Headphones,Accessories,2026-07-24,1313,15,143,1,Summer,164
Smartphone,Electronics,2025-01-11,12070,15,208,9,Monsoon,102
Smartphone,Electronics,2026-06-14,43160,10,258,1,Monsoon,89
Printer,Electronics,2025-07-15,13650,20,422,5,Winter,94
External Hard Drive,Storage,2025-03-29,9019,5,189,10,Summer,97
Printer,Electronics,2025-09-05,16543,15,251,9,Monsoon,67
Monitor,Electronics,2026-02-21,13211,10,388,9,Winter,101
External Hard Drive,Storage,2026-05-16,8636,0,418,5,Summer,75
Smartphone,Electronics,2026-07-23,14959,10,271,4,Summer,124
Gaming Keyboard,Gaming,2025-09-04,2888,20,206,8,Winter,150
Gaming Keyboard,Gaming,2026-05-03,5009,5,353,7,Monsoon,86
Monitor,Electronics,2026-05-18,17501,15,61,2,Summer,89
Laptop,Electronics,2026-04-04,75161,10,150,10,Monsoon,46
Laptop,Electronics,2025-01-18,57633,5,87,3,Winter,65
Printer,Electronics,2025-04-06,15305,5,172,5,Winter,47
Smartphone,Electronics,2025-10-29,42338,10,233,8,Monsoon,73
External Hard Drive,Storage,2025-08-15,9934,5,138,7,Monsoon,83
Wireless Mouse,Accessories,2026-02-19,967,0,369,10,Summer,119
Monitor,Electronics,2025-09-07,17035,20,64,7,Summer,102
Smartphone,Electronics,2025-11-10,26131,0,330,7,Winter,78
Printer,Electronics,2026-08-19,12268,10,409,8,Winter,72
Keyboard,Accessories,2026-01-13,1263,0,56,6,Winter,118
Gaming Keyboard,Gaming,2026-04-30,6425,10,58,2,Summer,96
Monitor,Electronics,2026-07-21,11866,15,429,8,Summer,118
Printer,Electronics,2026-06-28,13749,5,167,9,Summer,38
Gaming Keyboard,Gaming,2025-12-19,2478,10,470,7,Summer,120
Smartphone,Electronics,2026-03-12,43009,15,220,4,Monsoon,110
External Hard Drive,Storage,2026-07-18,6177,20,66,9,Winter,134
External Hard Drive,Storage,2025-12-05,6633,10,243,1,Winter,97
Smartphone,Electronics,2025-12-27,40792,10,469,7,Winter,80
Headphones,Accessories,2026-04-10,1195,0,304,4,Winter,149
Headphones,Accessories,2025-10-05,3235,20,62,10,Monsoon,141
Gaming Keyboard,Gaming,2025-11-10,2550,0,187,1,Winter,97
Gaming Keyboard,Gaming,2025-09-15,4444,5,269,3,Monsoon,120
Printer,Electronics,2025-08-25,8234,15,399,5,Monsoon,97
Wireless Mouse,Accessories,2025-05-04,512,0,454,4,Summer,137
Monitor,Electronics,2025-07-17,21764,5,127,6,Monsoon,66
Smartphone,Electronics,2025-11-20,28075,10,166,8,Monsoon,89
Wireless Mouse,Accessories,2025-05-03,1389,20,202,4,Summer,170
Keyboard,Accessories,2026-07-03,2284,20,191,9,Monsoon,146
Wireless Mouse,Accessories,2025-07-09,863,15,47,9,Monsoon,167
Monitor,Electronics,2025-07-16,20634,10,443,2,Winter,98
Gaming Keyboard,Gaming,2025-08-10,2070,5,356,8,Summer,99
Printer,Electronics,2026-05-11,15856,15,250,4,Winter,80
Wireless Mouse,Accessories,2025-10-11,1076,20,272,7,Monsoon,167
External Hard Drive,Storage,2026-08-27,5684,10,203,8,Winter,141
External Hard Drive,Storage,2026-06-22,4220,5,76,1,Summer,95
External Hard Drive,Storage,2026-09-04,3332,10,240,2,Summer,91
Headphones,Accessories,2025-10-17,2771,10,125,10,Winter,154
Keyboard,Accessories,2025-04-13,2026,0,155,4,Winter,107
Wireless Mouse,Accessories,2025-07-18,1415,20,398,8,Summer,151
Monitor,Electronics,2025-10-31,8673,5,155,9,Summer,87
Printer,Electronics,2025-08-21,9728,10,200,9,Summer,104
Gaming Keyboard,Gaming,2026-01-05,7442,15,232,5,Monsoon,109
Gaming Keyboard,Gaming,2025-07-03,4137,10,314,4,Winter,125
External Hard Drive,Storage,2025-11-06,8521,20,235,1,Monsoon,103
External Hard Drive,Storage,2025-01-15,6548,10,225,4,Winter,98
Laptop,Electronics,2026-07-01,76960,10,193,5,Winter,55
Laptop,Electronics,2025-05-10,52631,5,396,8,Summer,95
External Hard Drive,Storage,2025-10-08,9419,10,121,10,Monsoon,98
Laptop,Electronics,2025-02-16,46476,10,177,4,Summer,97
Monitor,Electronics,2025-02-25,17419,10,42,5,Monsoon,82
Monitor,Electronics,2026-07-21,11156,20,291,7,Summer,111
Laptop,Electronics,2025-10-27,65163,5,34,3,Winter,72
Headphones,Accessories,2025-05-10,4720,15,200,9,Monsoon,117
External Hard Drive,Storage,2026-05-18,4927,10,46,3,Summer,113
Monitor,Electronics,2025-04-16,24295,5,81,6,Winter,83
Keyboard,Accessories,2025-01-13,2102,15,169,3,Summer,113
Gaming Keyboard,Gaming,2026-08-11,4791,20,480,9,Monsoon,130
Headphones,Accessories,2025-10-19,2219,0,197,10,Summer,134
Monitor,Electronics,2026-04-26,24557,20,357,5,Winter,116
Keyboard,Accessories,2026-05-06,1576,20,493,5,Winter,153
Keyboard,Accessories,2026-03-28,2260,15,399,1,Monsoon,129
Headphones,Accessories,2025-12-15,1814,15,295,3,Winter,150
Monitor,Electronics,2025-07-08,20376,0,228,7,Monsoon,51
External Hard Drive,Storage,2025-02-22,4478,20,105,10,Monsoon,139
Wireless Mouse,Accessories,2025-09-16,1487,15,111,1,Monsoon,156
Keyboard,Accessories,2026-05-05,1570,20,215,2,Summer,147
External Hard Drive,Storage,2025-04-27,4682,5,206,7,Monsoon,81
Smartphone,Electronics,2025-03-08,27488,10,297,7,Monsoon,94
External Hard Drive,Storage,2026-02-15,6315,20,184,8,Winter,128
Monitor,Electronics,2026-05-19,15174,20,392,4,Summer,103
Keyboard,Accessories,2025-03-17,2419,5,498,1,Summer,124
Keyboard,Accessories,2026-08-14,1934,10,409,9,Monsoon,119
Headphones,Accessories,2025-02-24,1469,10,275,6,Monsoon,142
External Hard Drive,Storage,2025-06-05,3838,10,163,2,Monsoon,94
External Hard Drive,Storage,2025-06-02,9810,10,165,5,Winter,102
Wireless Mouse,Accessories,2026-07-31,971,10,151,1,Summer,141
Headphones,Accessories,2025-11-08,3140,10,139,10,Monsoon,103
Laptop,Electronics,2025-03-29,76416,0,129,9,Winter,41
Laptop,Electronics,2025-09-12,46135,10,395,9,Summer,84
External Hard Drive,Storage,2025-05-02,4104,0,343,2,Monsoon,81
Headphones,Accessories,2026-07-26,4785,10,476,5,Monsoon,124
Laptop,Electronics,2026-03-03,41520,15,128,3,Summer,90
External Hard Drive,Storage,2026-09-13,8909,10,147,2,Winter,117
Monitor,Electronics,2026-09-03,20553,15,471,3,Winter,99
Keyboard,Accessories,2025-08-20,1804,5,151,6,Monsoon,95
Keyboard,Accessories,2026-06-20,1854,15,396,6,Monsoon,126
External Hard Drive,Storage,2026-01-25,5998,0,178,3,Winter,86
Smartphone,Electronics,2026-04-07,39255,5,471,6,Winter,74
Monitor,Electronics,2026-03-30,22961,10,143,10,Summer,76
Keyboard,Accessories,2025-11-01,2219,20,386,2,Winter,130
Headphones,Accessories,2026-08-26,1493,15,438,10,Summer,144
Keyboard,Accessories,2026-03-16,2583,20,349,3,Monsoon,143
Wireless Mouse,Accessories,2025-11-09,472,5,209,8,Monsoon,148
Laptop,Electronics,2026-08-06,43179,0,151,3,Winter,73
Gaming Keyboard,Gaming,2025-03-03,3809,10,75,4,Monsoon,113
Gaming Keyboard,Gaming,2025-04-12,2984,5,52,10,Winter,118
Gaming Keyboard,Gaming,2025-08-01,5291,5,51,7,Summer,95
Wireless Mouse,Accessories,2025-08-05,1245,15,438,2,Monsoon,164
Monitor,Electronics,2025-09-28,19467,15,449,6,Monsoon,85
Keyboard,Accessories,2025-03-25,2815,20,331,10,Monsoon,117
Smartphone,Electronics,2025-06-10,49692,0,104,6,Winter,56
Headphones,Accessories,2025-09-03,4782,5,493,10,Winter,123
Keyboard,Accessories,2025-06-27,1869,15,419,8,Winter,145
External Hard Drive,Storage,2026-07-20,8702,20,149,2,Monsoon,112
Printer,Electronics,2025-03-18,17849,0,122,8,Monsoon,44
Laptop,Electronics,2025-06-10,63671,10,404,10,Winter,46
Keyboard,Accessories,2025-01-03,1048,15,320,5,Monsoon,150
Smartphone,Electronics,2026-02-23,34217,10,243,8,Winter,103
Laptop,Electronics,2026-04-07,71091,0,237,9,Summer,16
Gaming Keyboard,Gaming,2026-09-01,7319,0,228,9,Monsoon,77
Wireless Mouse,Accessories,2026-04-27,1472,20,82,1,Winter,152
External Hard Drive,Storage,2025-10-26,5084,5,236,8,Summer,84
Smartphone,Electronics,2025-02-03,41147,15,335,5,Summer,87
Gaming Keyboard,Gaming,2025-08-26,7905,5,280,4,Monsoon,77
External Hard Drive,Storage,2025-10-23,4381,5,280,8,Winter,94
Keyboard,Accessories,2025-10-17,1067,20,297,7,Monsoon,125
External Hard Drive,Storage,2026-04-10,6252,20,397,5,Summer,145
Headphones,Accessories,2025-03-14,4990,10,149,10,Summer,128
Laptop,Electronics,2025-08-28,77149,0,263,1,Winter,55
Keyboard,Accessories,2025-09-28,2169,15,328,9,Summer,107
Laptop,Electronics,2026-08-27,63629,20,191,1,Monsoon,70
Printer,Electronics,2025-07-22,7852,5,200,8,Monsoon,83
External Hard Drive,Storage,2026-03-12,4640,15,391,4,Monsoon,109
Printer,Electronics,2025-04-28,14818,20,478,7,Winter,87
Keyboard,Accessories,2026-07-12,853,0,236,8,Monsoon,85
External Hard Drive,Storage,2025-08-19,8200,10,149,9,Monsoon,88
External Hard Drive,Storage,2025-06-02,9010,0,324,4,Winter,96
Monitor,Electronics,2025-09-30,18146,20,378,8,Monsoon,82
Printer,Electronics,2025-05-26,7378,5,490,9,Monsoon,88
Smartphone,Electronics,2025-03-15,32430,15,391,2,Winter,93
Headphones,Accessories,2025-03-03,3588,5,117,4,Winter,127
External Hard Drive,Storage,2025-06-19,7627,20,205,10,Winter,105
Wireless Mouse,Accessories,2025-11-11,863,15,132,8,Monsoon,160
Keyboard,Accessories,2026-09-02,2875,0,45,3,Monsoon,75
Smartphone,Electronics,2026-08-06,18585,20,469,10,Winter,141
Monitor,Electronics,2025-10-23,16890,0,250,8,Monsoon,63
Wireless Mouse,Accessories,2026-03-26,842,20,362,8,Summer,186
Wireless Mouse,Accessories,2025-05-08,847,15,112,2,Summer,167
Laptop,Electronics,2026-04-25,65194,15,114,9,Summer,73
Laptop,Electronics,2025-11-08,42076,20,306,5,Monsoon,86
Laptop,Electronics,2026-02-17,65682,20,56,6,Winter,70
Wireless Mouse,Accessories,2025-10-06,523,15,313,9,Summer,158
Wireless Mouse,Accessories,2026-05-28,570,5,347,7,Summer,136
External Hard Drive,Storage,2026-07-07,4520,10,427,2,Summer,114
Smartphone,Electronics,2026-05-21,13476,0,358,2,Winter,106
Printer,Electronics,2026-03-25,18062,5,322,7,Winter,54
Gaming Keyboard,Gaming,2025-03-24,2382,0,95,1,Winter,87
Printer,Electronics,2026-09-05,12164,5,466,3,Monsoon,76
Keyboard,Accessories,2025-02-10,888,20,111,8,Monsoon,158
Printer,Electronics,2026-03-19,8827,20,433,9,Monsoon,92
Printer,Electronics,2025-11-27,18032,20,327,6,Monsoon,80
Keyboard,Accessories,2026-09-11,1174,15,121,7,Monsoon,150
Gaming Keyboard,Gaming,2025-09-14,6220,10,419,3,Monsoon,98
Smartphone,Electronics,2025-01-27,19474,15,463,6,Summer,127
External Hard Drive,Storage,2025-04-04,3450,10,428,7,Winter,135
Laptop,Electronics,2025-08-23,72643,10,43,5,Summer,60
Gaming Keyboard,Gaming,2026-08-13,3597,0,408,1,Summer,91
External Hard Drive,Storage,2026-08-25,7590,5,177,4,Monsoon,92
Smartphone,Electronics,2025-01-22,41335,15,344,1,Summer,113
Keyboard,Accessories,2025-10-03,2086,20,418,10,Winter,124
Headphones,Accessories,2026-08-14,3586,0,403,6,Summer,120
Smartphone,Electronics,2025-02-11,45960,10,261,9,Summer,96
Laptop,Electronics,2025-06-29,79587,5,383,5,Summer,41
Printer,Electronics,2026-04-27,18371,20,299,1,Summer,89
Laptop,Electronics,2026-06-16,44040,15,38,2,Monsoon,77
Keyboard,Accessories,2026-03-29,2329,15,326,10,Summer,110
Laptop,Electronics,2025-10-12,78842,20,241,5,Winter,74
Headphones,Accessories,2025-07-05,1590,0,472,6,Monsoon,110
Laptop,Electronics,2026-08-23,51414,5,60,9,Summer,80
Smartphone,Electronics,2026-03-23,49960,20,130,7,Winter,125
External Hard Drive,Storage,2026-05-19,4621,5,474,10,Summer,92
Printer,Electronics,2025-04-04,6395,5,297,7,Summer,72
Monitor,Electronics,2026-04-27,17152,5,297,3,Winter,93
External Hard Drive,Storage,2025-12-23,4563,10,117,1,Winter,133
Headphones,Accessories,2026-02-23,3620,5,79,6,Winter,132
Printer,Electronics,2025-12-08,5679,15,140,2,Monsoon,80
External Hard Drive,Storage,2025-11-25,9261,10,233,10,Monsoon,95
Headphones,Accessories,2025-04-18,4790,15,73,2,Summer,151
Keyboard,Accessories,2025-06-14,2761,0,284,5,Summer,101
Wireless Mouse,Accessories,2025-12-04,1486,5,393,7,Monsoon,124
Keyboard,Accessories,2026-02-26,2155,5,493,10,Monsoon,91
Headphones,Accessories,2026-05-23,4173,10,195,5,Summer,127
External Hard Drive,Storage,2025-10-23,9042,15,180,7,Summer,103
Keyboard,Accessories,2026-02-15,1894,0,405,6,Winter,131
Wireless Mouse,Accessories,2026-07-18,1220,10,329,2,Winter,153
Keyboard,Accessories,2025-02-07,2884,15,103,1,Winter,125
External Hard Drive,Storage,2026-04-11,8085,10,284,3,Monsoon,92
Monitor,Electronics,2025-04-01,14038,10,149,8,Monsoon,111
Gaming Keyboard,Gaming,2025-11-19,6081,5,365,7,Winter,98
External Hard Drive,Storage,2025-09-16,9307,20,160,9,Winter,132
External Hard Drive,Storage,2025-11-28,3208,10,258,9,Winter,113
Keyboard,Accessories,2025-04-29,2480,5,98,6,Summer,106
Laptop,Electronics,2026-02-18,47127,10,497,3,Summer,67
Keyboard,Accessories,2026-06-11,1083,15,358,2,Monsoon,132
Headphones,Accessories,2025-01-02,1531,5,91,2,Winter,137
Monitor,Electronics,2026-07-10,23927,0,161,6,Summer,58
Smartphone,Electronics,2026-04-19,44970,5,366,5,Summer,85
Smartphone,Electronics,2026-02-28,37726,15,117,8,Summer,107
Headphones,Accessories,2025-02-25,1964,10,143,3,Summer,153
Monitor,Electronics,2025-07-12,16903,0,312,8,Summer,60
Printer,Electronics,2026-06-15,6027,20,245,1,Monsoon,116
Wireless Mouse,Accessories,2026-01-06,573,5,364,7,Monsoon,153
Wireless Mouse,Accessories,2026-05-26,865,20,234,7,Winter,200
Keyboard,Accessories,2026-03-29,1454,5,399,4,Monsoon,109
Printer,Electronics,2025-02-22,13614,15,30,6,Summer,88
Wireless Mouse,Accessories,2025-07-28,960,0,238,4,Winter,133
Monitor,Electronics,2025-10-01,18481,15,423,9,Summer,84
Headphones,Accessories,2026-07-17,2180,5,339,2,Winter,145
Laptop,Electronics,2025-05-15,62262,0,416,5,Winter,53
External Hard Drive,Storage,2025-10-22,8048,5,207,1,Summer,91
Headphones,Accessories,2026-03-25,3761,5,48,3,Monsoon,115
Wireless Mouse,Accessories,2026-05-12,490,10,307,5,Winter,169
Headphones,Accessories,2025-05-05,3199,20,423,4,Summer,147
Headphones,Accessories,2025-01-30,2798,5,129,9,Monsoon,135
Wireless Mouse,Accessories,2025-09-03,306,20,402,10,Summer,178
Headphones,Accessories,2025-06-12,3159,5,410,7,Summer,122
Monitor,Electronics,2025-11-15,15301,0,282,1,Monsoon,60
Printer,Electronics,2026-07-19,11584,15,313,4,Winter,99
Keyboard,Accessories,2025-01-15,1705,15,42,2,Winter,157
Headphones,Accessories,2026-07-20,4846,0,380,8,Summer,115
Printer,Electronics,2026-02-22,16234,0,324,3,Monsoon,36
Laptop,Electronics,2025-04-06,56764,20,161,9,Monsoon,95
Monitor,Electronics,2025-08-19,11619,15,251,3,Monsoon,114
Smartphone,Electronics,2025-04-27,31452,5,224,10,Summer,103
Wireless Mouse,Accessories,2026-04-18,728,20,474,3,Summer,164
Gaming Keyboard,Gaming,2025-05-01,5817,0,175,6,Monsoon,82
Gaming Keyboard,Gaming,2025-06-07,4750,10,157,6,Summer,124
Monitor,Electronics,2026-05-26,20199,5,498,6,Winter,60
Printer,Electronics,2025-10-26,16787,0,431,9,Summer,70
Wireless Mouse,Accessories,2026-06-06,792,0,367,8,Monsoon,141
Keyboard,Accessories,2025-10-07,884,10,74,9,Summer,139
Smartphone,Electronics,2026-03-02,40077,5,148,5,Summer,98
Wireless Mouse,Accessories,2026-05-10,909,5,82,7,Monsoon,140
Smartphone,Electronics,2026-04-29,35351,5,350,8,Monsoon,58
Laptop,Electronics,2025-09-07,75133,15,287,8,Monsoon,61
Monitor,Electronics,2026-04-13,23947,10,185,3,Summer,64
Gaming Keyboard,Gaming,2026-07-19,5711,10,169,1,Monsoon,93
Smartphone,Electronics,2025-05-29,15738,10,246,9,Monsoon,105
Wireless Mouse,Accessories,2026-01-28,1497,5,327,2,Monsoon,120
Laptop,Electronics,2025-07-15,59809,0,210,7,Summer,60
External Hard Drive,Storage,2026-09-06,8685,20,302,8,Winter,136
Monitor,Electronics,2026-06-05,22161,0,280,8,Winter,52
Keyboard,Accessories,2025-05-20,2713,5,134,9,Winter,102
Printer,Electronics,2025-03-13,14209,20,60,7,Monsoon,78
Gaming Keyboard,Gaming,2025-10-10,3289,20,34,3,Winter,153
Smartphone,Electronics,2026-03-01,17445,10,133,5,Winter,113
Gaming Keyboard,Gaming,2025-12-15,3287,15,286,9,Monsoon,105
Smartphone,Electronics,2026-06-04,10692,15,55,10,Winter,117
Monitor,Electronics,2025-10-01,14422,20,493,10,Summer,116
Printer,Electronics,2025-01-03,18587,0,269,8,Winter,67
External Hard Drive,Storage,2025-10-17,8684,0,96,7,Winter,65
Gaming Keyboard,Gaming,2025-11-02,5077,15,435,10,Monsoon,118
External Hard Drive,Storage,2026-08-25,8571,0,49,3,Monsoon,91
Headphones,Accessories,2026-08-17,2512,10,261,9,Monsoon,140
Monitor,Electronics,2026-05-17,24369,0,380,10,Monsoon,45
Keyboard,Accessories,2025-06-02,951,5,329,9,Summer,146
Headphones,Accessories,2026-04-03,4192,20,351,3,Monsoon,150
Gaming Keyboard,Gaming,2026-07-06,2401,15,164,4,Monsoon,134
Wireless Mouse,Accessories,2026-05-11,816,20,346,4,Winter,189
External Hard Drive,Storage,2025-12-20,7875,5,218,5,Monsoon,70
Gaming Keyboard,Gaming,2025-12-07,3978,0,177,10,Summer,110
Wireless Mouse,Accessories,2026-07-20,941,10,133,3,Summer,138
Monitor,Electronics,2026-07-11,16517,15,81,5,Winter,110
Headphones,Accessories,2026-01-22,4087,0,248,6,Summer,99
Keyboard,Accessories,2026-04-12,1068,0,420,5,Monsoon,90
Laptop,Electronics,2025-11-26,52362,20,290,1,Summer,116
Headphones,Accessories,2025-07-13,3417,20,46,2,Summer,144
Gaming Keyboard,Gaming,2025-09-02,4514,0,322,3,Winter,83
Laptop,Electronics,2026-08-09,69549,5,233,1,Winter,49
Wireless Mouse,Accessories,2026-01-28,393,10,75,9,Summer,179
Keyboard,Accessories,2025-08-28,2189,20,419,1,Monsoon,127
